Credit Card,Phone Number (US),Phone Number (International)
Alliant Visa Platinum Rewards,,
Alliant Visa Signature,,
AmEx Blue Business Cash,,
AmEx Blue Business Plus,1-800-521-6121,1-336-393-1111
AmEx Blue Cash Everyday (BCE),1-888-258-3741,1-336-393-1111
AmEx Blue Cash Preferred (BCP),1-888-258-3741,1-336-393-1111
AmEx Business Amazon,1-833-674-7268,1-623-492-3344
AmEx Business Centurion,,
AmEx Business Gold,1-800-492-3344,1-623-492-8427
AmEx Business Green,1-800-492-3344,1-623-492-8427
AmEx Business Platinum,1-800-492-8468,1-623-492-8468
AmEx Business Plum,1-800-653-1693,1-623-492-3344
AmEx Cash Magnet,1-800-635-5955,1-336-393-1111
AmEx Centurion,1-877-877-0978,1-954-503-8905
AmEx Delta SkyMiles Blue,1-800-257-0770,1-336-393-1111
AmEx Delta SkyMiles Gold,1-800-257-0770,1-336-393-1111
AmEx Delta SkyMiles Gold Business,1-800-297-6200,1-623-492-7719
AmEx Delta SkyMiles Platinum,1-800-257-0770,1-336-393-1111
AmEx Delta SkyMiles Platinum Business,,
AmEx Delta SkyMiles Reserve,1-800-257-0770,1-336-393-1111
AmEx Delta SkyMiles Reserve Busines,,
AmEx EveryDay (ED),1-800-635-5955,1-336-393-1111
AmEx EveryDay Preferred (EDP),1-800-635-5955,1-336-393-1111
AmEx Gold,1-800-327-2177,1-336-393-1111
AmEx Gold for Ameriprise,1-800-653-6051,1-336-393-1111
AmEx Green,1-800-528-4800,1-336-393-1111
AmEx Hilton,1-833-698-2566,1-336-393-1111
AmEx Hilton Aspire,1-833-698-2566,1-336-393-1111
AmEx Hilton Business,,
AmEx Hilton Surpass,1-833-698-2566,1-336-393-1111
AmEx Lowes Business,,
AmEx Marriott Bonvoy,1-800-297-1000,1-336-393-1111
AmEx Marriott Bonvoy Brilliant,1-833-674-7267,1-336-393-1111
AmEx Marriott Bonvoy Business,1-800-926-0143,1-336-393-1111
AmEx Morgan Stanley,,
AmEx Old Blue Cash (OBC),1-888-258-3741,1-336-393-1111
AmEx Platinum,1-800-525-3355,1-954-473-2123
AmEx Platinum for Ameriprise,1-800-615-0403,1-954-473-2123
AmEx Platinum for Goldman Sachs,,
AmEx Platinum for Mercedes-Benz,1-800-525-3355,1-954-473-2123
AmEx Platinum for Morgan Stanley,1-800-441-0519,1-336-393-1111
AmEx Platinum for Schwab,1-855-531-0319,1-928-427-5121
AmEx Schwab Investor,,
Banco Popular Avianca Vida,1-844-294-2576,1-303-967-1090
Banco Popular Avianca Vuela,1-844-294-2576,1-303-967-1090
Bank of the West BNP PARIBAS cash back world,1-800-996-2638,1-402-918-9370
Barclays AAdvantage Aviator,1-866-928-3075,1-302-255-8888
Barclays AAdvantage Aviator Blue,,
Barclays AAdvantage Aviator Business,,
Barclays AAdvantage Aviator Red,1-866-928-3075,1-302-255-8888
Barclays AAdvantage Aviator Silver,1-866-928-3059,1-302-255-8888
Barclays AARP Essential,,
Barclays AARP Travel,,
Barclays Arrival,1-866-558-1107,1-302-255-8888
Barclays Arrival+,1-866-558-1107,1-302-255-8888
Barclays CashForward,1-866-928-0416,1-302-255-8888
Barclays Choice Privileges,,
Barclays Emirates Skywards Premium,,
Barclays Emirates Skywards Rewards,,
Barclays Frontier Airlines,,
Barclays Hawaiian Airlines,,
Barclays Hawaiian Airlines Business,,
Barclays JetBlue,,
Barclays JetBlue Business,,
Barclays JetBlue Plus,1-866-928-3104,1-302-255-8888
Barclays Lufthansa Miles&More,1-866-483-8458,1-302-255-8888
Barclays Priceline,1-866-951-1400,1-302-255-8888
Barclays Priceline VIP,,
Barclays Rewards,1-866-928-8598,1-302-255-8888
Barclays Sallie Mae (SM),1-866-585-2951,1-302-255-8888
Barclays Uber,1-866-823-7543,1-302-255-8888
Barclays Upromise,1-866-383-8192,1-302-255-8199
Barclays View,1-866-603-7217,1-302-255-8888
Barclays Wyndham (Old),1-866-428-2424,1-302-255-8888
Barclays Wyndham Earner,1-866-428-2424,1-302-255-8888
Barclays Wyndham Earner Business,,
Barclays Wyndham Earner Plus,1-866-428-2424,1-302-255-8888
BBVA Compass NBA,1-844-622-2282,1-256-552-1587
Bilt Mastercard,,
BoA AAA,,
BoA Air France KLM,1-800-421-2110,1-302-738-5719
BoA Alaska,1-800-552-7302,1-302-738-5719
BoA Alaska Business,1-800-673-1044,1-509-353-6656
BoA Amtrak Guest Rewards,1-888-704-9515,1-302-738-5719
BoA Amtrak Guest Rewards Platinum,1-888-704-9515,1-302-738-5719
BoA Asiana Airlines,1-800-257-2049,1-302-738-5719
BoA BankAmericard,,
BoA Better Balance Rewards (BBR),1-800-421-2110,1-302-738-5719
BoA Customized Cash Rewards,1-800-205-6247,1-302-738-5719
BoA Customized Cash Rewards Business,,
BoA Free Spirit,1-800-421-2110,1-302-738-5719
BoA Merrill+ Visa Signature,1-800-637-7455,1-302-457-1235
BoA Platinum Business,,
BoA Premium Rewards,1-800-205-0809,1-302-738-5719
BoA Premium Rewards Elite,,
BoA Travel Rewards,1-800-421-2110,1-302-738-5719
BoA Travel Rewards Business,,
BoA Unlimited Cash Rewards,1-800-421-2110,1-302-738-5719
BoA Unlimited Cash Rewards Business,,
BoA Virgin Atlantic,1-800-531-6058,1-302-738-5719
Brex Business,1-855-637-2227,-
Capital One Platinum,1-800-227-4825,1-804-934-2001
Capital One QuickSilver,1-800-227-4825,1-804-934-2001
Capital One QuickSilverOne,,
Capital One Savor,,
Capital One SavorOne,,
Capital One Spark Cash,,
Capital One Spark Cash Plus,,
Capital One Spark Miles,,
Capital One Venture,1-800-227-4825,1-804-934-2001
Capital One Venture One,1-800-227-4825,1-804-934-2001
Capital One Venture X,1-800-227-4825,1-804-934-2001
Capital One Walmart,,
Cardless Boston Celtics,,
Cardless Cavaliers,,
Cardless Manchester United,,
Cardless Miami Marlins,,
Chase AARP,1-800-283-1211,1-302-594-8200
Chase Aer Lingus,,
Chase Amazon Prime,1-888-247-4080,1-302-594-8200
Chase British Airways,1-800-577-0633,1-302-594-8200
Chase Disney Premier,1-800-300-8575,1-302-594-8200
Chase Disney Rewards,1-800-300-8575,1-302-594-8200
Chase Fairmont,1-800-436-7913,1-614-776-7050
Chase Freedom (Old),1-800-524-3880,1-302-594-8200
Chase Freedom Flex (CFF),1-800-524-3880,1-302-594-8200
Chase Freedom Student,1-800-524-3880,1-302-594-8200
Chase Freedom Unlimited (CFU),1-800-524-3880,1-302-594-8200
Chase Hyatt (Old),1-800-436-7941,1-302-594-8200
Chase Iberia,,
Chase IHG (Old),1-800-698-0120,1-302-594-8200
Chase IHG Premier,1-800-698-0120,1-302-594-8200
Chase IHG Traveler,1-800-698-0120,1-302-594-8200
Chase Ink Cash,,
Chase Ink Preferred,1-800-945-2028,1-480-350-7099
Chase Ink Unlimited,,
Chase Marriott (Old),1-800-338-5960,1-302-594-8200
Chase Marriott Bonvoy Bold,1-800-338-5960,1-302-594-8200
Chase Marriott Bonvoy Boundless,1-800-338-5960,1-302-594-8200
Chase Ritz-Carlton,1-855-896-2222,1-614-776-7050
Chase Sapphire,1-800-493-3319,1-614-776-7050
Chase Sapphire Preferred (CSP),1-800-493-3319,1-614-776-7050
Chase Sapphire Reserve (CSR),1-800-436-7970,1-614-776-7050
Chase Slate Edge,,
Chase Southwest Performance Business,,
Chase Southwest Plus,1-800-792-0001,1-302-594-8200
Chase Southwest Premier,1-800-792-0001,1-302-594-8200
Chase Southwest Premier Business,1-800-346-5538,1-302-594-8200
Chase Southwest Priority,1-800-792-0001,1-302-594-8200
Chase Starbucks,,
Chase UA Business,,
Chase UA Club,1-800-999-6977,1-614-248-2161
Chase UA Club Business,,
Chase UA Explorer,1-800-888-8756,1-614-248-2161
Chase UA Gateway,,
Chase UA Quest,1-800-888-8756,1-614-248-2161
Chase UA Rewards,1-800-537-7783,1-614-248-2161
Chase World of Hyatt,1-800-436-7941,1-302-594-8200
Chase World of Hyatt Business,1-800-436-7941,1-302-594-8200
Citi AAdvantage Bronze,1-888-766-2484,1-605-335-2222
Citi AAdvantage Executive,1-888-766-2484,1-605-335-2222
Citi AAdvantage Gold,1-888-766-2484,1-605-335-2222
Citi AAdvantage MileUp,1-888-766-2484,1-605-335-2222
Citi AAdvantage Platinum,1-888-766-2484,1-605-335-2222
Citi AT&T Access,1-855-488-6642,1-904-954-2214
Citi AT&T Access More,1-855-488-6642,1-904-954-2214
Citi AT&T Universal,1-800-423-4343,1-904-448-8661
Citi Costco,1-855-378-6467,1-904-954-1175
Citi Costco Business,,
Citi Custom Cash,1-888-872-2214,-
Citi Diamond Preferred,1-800-823-4086,1-605-335-2222
Citi Dividend,1-866-775-0556,1-605-335-2222
Citi Double Cash,1-855-473-4583,1-904-954-1202
Citi Expedia+,,
Citi Expedia+ Voyager,,
Citi Foward,1-800-950-5114,1-605-335-2222
Citi Hilton,1-866-517-7795,1-302-683-4300
Citi Hilton Reserve,1-888-856-4255,1-302-683-4300
Citi Premier,1-800-842-6596,1-904-954-4321
Citi Prestige,1-877-288-2484,1-817-802-6800
Citi Rewards+,1-800-842-6596,1-904-954-4321
Citi Sears Shop Your Way,,
Citi Simplicity,,
Citi ThankYou Preferred,1-800-842-6596,1-904-954-4321
CitiBusiness AAdvantage Platinum,1-866-458-4216,1-904-954-2712
CitiBusiness ThankYou,,
CNB Crystal Visa Infinite,1-800-595-8950,00-800-2797-8251
CNB Visa Signature,,
Comenity IKEA,,
Deserve Edu,,
Discover it,1-800-347-3085,1-801-902-3100
Discover it Business,,
Discover it Miles,1-800-347-3085,1-801-902-3100
Discover More,1-800-347-3085,1-801-902-3100
FBNO AmEx,1-866-348-3382,1-402-346-1553
Fidelity Rewards Visa,1-888-551-5144,1-701-461-1555
First Bankcard Best Western Rewards,,
First Bankcard Best Western Rewards Premium,,
FNBO AirMiles Rewards,1-866-348-3382,1-402-346-1553
FNBO Evergreen,,
FNBO Evergreen Business,,
Goldman Sachs Apple Card,1-877-255-5923,-
HSBC Advance,,
HSBC Cash Rewards,,
HSBC Elite,,
HSBC Gold,,
HSBC Platinum Rewards,,
HSBC Premier World,1-888-662-4722,1-716-841-6866
ICBC Preferred Visa Card,1-844-900-4222,1-215-240-6689
ICBC Premier UnionPay Gold,,
ICBC Premier UnionPay Platinum,,
ICBC Premier Visa Signature Card,,
JAL USA Card,,
JP Morgan Palladium/Reserve,1-866-576-7575,1-614-776-7050
Luxury Card MasterCard Black Card,,
Luxury Card MasterCard Gold Card,,
Luxury Card MasterCard Titanium Card,,
PenFed Pathfinder,1-800-247-5626,1-541-225-6700
PNC Cash Rewards,,
PNC Points,,
SelfScore MasterCard,1-800-418-7353,1-800-418-7353
Sofi Credit Card,,
Synchrony Amazon Prime,1-866-634-8379,-
Synchrony B&H Payboo,1-866-396-8254,-
Synchrony Cathay Pacific,1-866-273-9028,1-937-534-3628
Synchrony Ebay MasterCard,1-866-419-4095,1-937-534-3602
Synchrony Marvel MasterCard,1-866-243-0226,1-937-534-3625
Synchrony PayPal,,
Synchrony Premier World Mastercard,1-844-876-1879,1-937-534-3638
Synchrony Rakuten,1-855-697-4555,1-937-534-3663
Synchrony Sams Club,,
Synchrony Venmo,,
Synchrony Verizon,,
The Owner's Rewards Card by M1,,
UBS Visa Infinite,,
US Bank AeroMexico,,
US Bank Altitude Connect,1-800-285-8585,1-701-461-1502
US Bank Altitude Go,1-800-285-8585,1-701-461-1502
US Bank Altitude Reserve,1-844-357-2015,1-701-461-1126
US Bank Business Leverage ,,
US Bank Cash 365,1-844-303-8122,1-701-461-0702
US Bank Cash Rewards,1-800-285-8585,1-701-461-1502
US Bank Cash+,1-800-285-8585,1-701-461-1502
US Bank FlexPerks Gold,1-866-311-5550,1-701-461-0627
US Bank FlexPerks Select+,1-800-692-8472,1-701-461-2044
US Bank FlexPerks Travel Rewards,1-877-978-7446,1-701-461-1552
US Bank Korean Air,,
US Bank LATAM,,
US Bank Radisson Premier,1-800-236-4012,1-701-461-0202
US Bank Radisson Visa,1-800-236-4012,1-701-461-0202
US Bank Triple Cash Business,,
Wells Fargo Active Cash,1-866-229-6633,1-925-825-7600
Wells Fargo Business Platinum,,
Wells Fargo Hotels.com,,
Wells Fargo Propel AmEx,1-866-568-6521,1-925-825-7600
Wells Fargo Reflect,,
